Group 1,Group 2,Group 1 Mean,Group 2 Mean,t-statistic,p-value,Significant
none,asian,-0.7969483568075117,-0.8378378378378378,0.44369659584966337,0.6597856733379308,False
none,hispanic,-0.7969483568075117,-1.0,13.872118185965043,1.5515781756520534e-41,True
none,european,-0.7969483568075117,-0.75,-0.2738972688339173,0.7878455615696235,False
asian,hispanic,-0.8378378378378378,-1.0,1.782265577358014,0.08314216219362838,False
asian,european,-0.8378378378378378,-0.75,-0.45392433899851115,0.6539750288925426,False
hispanic,european,-1.0,-0.75,-1.4638501094227998,0.16387561365565362,False
