Group 1,Group 2,Group 1 Mean,Group 2 Mean,t-statistic,p-value,Significant
none,asian,-0.32922535211267606,-0.32432432432432434,-0.0312398486406092,0.9752438044488345,False
none,hispanic,-0.32922535211267606,0.3333333333333333,-1.5691583962719378,0.17707395382965654,False
none,european,-0.32922535211267606,-0.5,0.7598818620510983,0.4588704351474432,False
asian,hispanic,-0.32432432432432434,0.3333333333333333,-1.4636931660457453,0.1903703620612649,False
asian,european,-0.32432432432432434,-0.5,0.64533813694112,0.5236068934081191,False
hispanic,european,0.3333333333333333,-0.5,1.7460757394239452,0.11895406645726754,False
